{
    "jawd": 213123,
    "cawd": 224124,
    "namewad": "inclass",
    "gpa": 1.200123,
    "marks": [
        1131,
        212,
        1233,
        1324.122332,
        513,
        6123,
        7.123,
        1281000000000.0
    ],
    "other_objects": {
        "hellow": {
            "hi": [
                "awd",
                "awd",
                "awd",
                "awd"
            ]
        }
    },
    "subjects": [
        "wad",
        "awd",
        "awd",
        "awd"
    ],
    "hi": 123
}